<?xml version="1.0" encoding="UTF-8"?>
<!DOCTYPE mapper PUBLIC "-//mybatis.org//DTD Mapper 3.0//EN" "http://mybatis.org/dtd/mybatis-3-mapper.dtd" >
<mapper namespace="teamproject.book.service.impl.BookMapper">
   <!-- id="메소드명",parameterType="매개변수자료형",resultType="return자료형"  -->
    <select id="selectBookList"
         parameterType="Criteria"
         resultType="teamproject.book.service.BookVO"
   >
      SELECT * FROM "Book"
      WHERE "book_title" LIKE '%' || #{searchKeyword} ||'%'
      OFFSET #{firstIndex} ROWS
      FETCH NEXT #{pageUnit} ROWS ONLY
   </select>   
   <select id="selectTrendList"
         parameterType="Criteria"
         resultType="teamproject.book.service.BookVO"
   >
SELECT *
FROM (
    SELECT *
    from "Book"
    ORDER BY TO_NUMBER("trend") DESC
)
WHERE ROWNUM &lt;= 10
   </select>  
	<select id="selectTop10List"  parameterType="Criteria" resultType="teamproject.book.service.BookVO">
    SELECT * FROM "Book"
    WHERE "rank" BETWEEN 1 AND 10
    ORDER BY "rank" ASC
</select>
<select id="selectBookListTotCnt" parameterType="Criteria" resultType="int"> 
		select count(*) from "Book"
		WHERE "book_title" LIKE '%'
		||
		#{searchKeyword} ||'%' 
	</select>   
 	<insert id="insert" parameterType="teamproject.book.service.BookVO">
 INSERT INTO "Book" (
    "book_id", "category_id", "type_id", "author_id", "publisher_id",
    "book_order", "book_title", "book_volume", "book_description",
    "book_price", "novel_text", "rank", "trend", "star_point",
    "view_count", "thumbnail_img", "toon_img", "book_created_at",
    "thumbnail_img_url", "toon_img_url"
  )
  VALUES (
    #{bookId}, #{categoryId}, #{typeId}, #{authorId}, #{publisherId},
    #{bookOrder}, #{bookTitle}, #{bookVolume}, #{bookDescription},
    #{bookPrice}, #{novelText}, #{rank}, #{trend}, #{starPoint},
    #{viewCount}, #{thumbnailImg}, #{toonImg}, SYSDATE,
    #{thumbnailImgUrl}, #{toonImgUrl}
  )
	</insert>
	<select id="selectBook"
	parameterType="String"
	resultType="teamproject.book.service.BookVO">
		select * from "Book"
		WHERE "book_id" = #{bookId}
	</select>  
	<update id="update" parameterType="teamproject.book.service.BookVO">
		update "Book"
		
		SET "category_id" = #{categoryId},
        "type_id" = #{typeId},
        "author_id" = #{authorId},
        "publisher_id" = #{publisherId},
        "book_order" = #{bookOrder},
        "book_title" = #{bookTitle},
        "book_volume" = #{bookVolume},
        "book_description" = #{bookDescription},
        "book_price" = #{bookPrice},
        "novel_text" = #{novelText},
        "rank" = #{rank},
        "trend" = #{trend},
        "star_point" = #{starpPoint},
        "view_count" = #{viewCount},
        "thumbnail_img_url" = #{thumbnailImgUrl},
        "toon_img_url" = #{toonImgUrl},
        "book_created_at" = SYSDATE
        WHERE "book_id" = #{bookId}
	</update>
	<delete id="delete" parameterType="teamproject.book.service.BookVO">
		delete "Book"
		WHERE "book_id"= #{bookId}
	</delete>
   </mapper>