<?xml version="1.0" encoding="UTF-8"?>
<beans xmlns="http://www.springframework.org/schema/beans" xmlns:xsi="http://www.w3.org/2001/XMLSchema-instance"
	xsi:schemaLocation="http://www.springframework.org/schema/beans http://www.springframework.org/schema/beans/spring-beans-4.0.xsd">

	<!-- sql을 작성할 환경설정 파일들 지정 -->
	<bean id="sqlSession" class="org.mybatis.spring.SqlSessionFactoryBean">
		<property name="dataSource" ref="dataSource" />
		<property name="configLocation" value="classpath:/egovframework/sqlmap/example/sql-mapper-config.xml" />
		<property name="mapperLocations" value="classpath:/egovframework/sqlmap/example/mappers/*.xml" />
	</bean>

	<!-- mapper.xml(sql작성)과 mapper 인터페이스 2개를 연결하는 설정 -->
 	<bean class="org.egovframe.rte.psl.dataaccess.mapper.MapperConfigurer">
		<property name="basePackage" value="teamproject.*.service.impl" />
	</bean>
    
</beans>