<?xml version="1.0" encoding="UTF-8"?>
<!DOCTYPE mapper PUBLIC "-//mybatis.org//DTD Mapper 3.0//EN" "http://mybatis.org/dtd/mybatis-3-mapper.dtd" >
<mapper namespace="teamproject.publisher.service.impl.PublisherMapper">
	
	<select id="selectPublisherList"
			parameterType="Criteria"
			resultType="PublisherVO"
	>
		SELECT * FROM Publisher
		WHERE publisher_name LIKE '%' || #{searchKeyword} ||'%'
		OFFSET #{firstIndex} ROWS
		FETCH NEXT #{pageUnit} ROWS ONLY
	</select>
	
	<!-- id="메소드명",parameterType="매개변수자료형",resultType="return자료형"  -->
	<select id="selectPublisherListTotCnt"
			parameterType="Criteria"
			resultType="int"
	>
		SELECT COUNT(*) FROM Publisher
		WHERE publisherId LIKE '%' || #{searchKeyword} ||'%'		
	</select>
	
	<insert id="insert"
			parameterType="PublisherVO"
	>
		INSERT INTO publisher(publisher_id,,publisher_name
		                    ,publisher_escription,publisher_logo_img,publisher_url,contact_email,publisher_created_at)
		VALUES(#{publisherId},#{publisherName},#{publisherEscription},#{publisherLogoImg},#{contactEmail}
		                    ,TO_CHAR(SYSDATE,'YYYY-MM-DD HH24:MI:SS'))		
	</insert>
	
	<!-- id="메소드명",parameterType="매개변수자료형",resultType="return자료형"  -->
	<select id="selectPublisher"
			parameterType="String"
			resultType="PublisherVO">
		SELECT * FROM Publisher
		WHERE publisher_id=#{publisherId}		
	</select>

	<update id="update"
			parameterType="PublisherVO">
		UPDATE Publisher
		SET publisher_name=#{publisherName},
		    publisher_escription=#{publisherEscription},
			publisher_logo_img=#{publisherLogoImg},
			publisher_url=#{publisherUrl},
			contact_email=#{contactEmail},
		    publisher_created_at=TO_CHAR(SYSDATE, 'YYYY-MM-DD HH24:MI:SS')
		WHERE publisher_id=#{publisherId}
	</update>
	
	<delete id="delete"
			parameterType="PublisherVO">
		DELETE publisher
		WHERE publisher_id=#{publisherId}		
	</delete>
	
	

</mapper>