<?xml version="1.0" encoding="UTF-8"?>
<!-- task 추가  -->
<beans xmlns="http://www.springframework.org/schema/beans" xmlns:xsi="http://www.w3.org/2001/XMLSchema-instance"
        xmlns:p="http://www.springframework.org/schema/p"
        xmlns:context="http://www.springframework.org/schema/context"
        xmlns:mvc="http://www.springframework.org/schema/mvc"
        xmlns:task="http://www.springframework.org/schema/task"
        xsi:schemaLocation="http://www.springframework.org/schema/beans http://www.springframework.org/schema/beans/spring-beans-4.0.xsd
                http://www.springframework.org/schema/context http://www.springframework.org/schema/context/spring-context-4.0.xsd
                http://www.springframework.org/schema/mvc http://www.springframework.org/schema/mvc/spring-mvc-4.0.xsd
                http://www.springframework.org/schema/task http://www.springframework.org/schema/task/spring-task-3.1.xsd
                ">

<!-- 여기 -->
<!-- path="메뉴url" : 해당 메뉴는 인터셉터가 로그인 유무를 체크합니다. -->
 	<mvc:interceptors>
		<mvc:interceptor>
			<mvc:mapping path="/dept/**" />
			<mvc:mapping path="/emp/**" />
			<mvc:mapping path="/faq/**" />
			<mvc:mapping path="/fileDb/**" />
			<mvc:mapping path="/gallery/**" />
			<bean class="teamproject.cmmn.interceptor.AuthenticInterceptor" />
		</mvc:interceptor>
	</mvc:interceptors>

    <context:component-scan base-package="teamproject">
        <context:include-filter type="annotation" expression="org.springframework.stereotype.Controller"/>
        <context:exclude-filter type="annotation" expression="org.springframework.stereotype.Service"/>
        <context:exclude-filter type="annotation" expression="org.springframework.stereotype.Repository"/>
    </context:component-scan>

	<!-- TODO: ajax -->
    <mvc:annotation-driven />

    <bean class="org.springframework.web.servlet.mvc.method.annotation.RequestMappingHandlerAdapter">
        <property name="webBindingInitializer">
            <bean class="teamproject.cmmn.web.EgovBindingInitializer"/>
        </property>
    </bean>
    <bean class="org.springframework.web.servlet.mvc.method.annotation.RequestMappingHandlerMapping">
        <property name="interceptors">
            <list>
                <ref bean="localeChangeInterceptor" />
            </list>
        </property>
    </bean>
    
    <bean id="localeResolver" class="org.springframework.web.servlet.i18n.SessionLocaleResolver" />
    <!-- 쿠키를 이용한 Locale 이용시 <bean id="localeResolver" class="org.springframework.web.servlet.i18n.CookieLocaleResolver"/> -->
    <bean id="localeChangeInterceptor" class="org.springframework.web.servlet.i18n.LocaleChangeInterceptor">
        <property name="paramName" value="language" />
    </bean>

    <bean class="org.springframework.web.servlet.handler.SimpleMappingExceptionResolver">
        <property name="defaultErrorView" value="cmmn/egovError"/>
        <property name="exceptionMappings">
            <props>
                <prop key="org.springframework.dao.DataAccessException">cmmn/dataAccessFailure</prop>
                <prop key="org.springframework.transaction.TransactionException">cmmn/transactionFailure</prop>
                <prop key="org.egovframe.rte.fdl.cmmn.exception.EgovBizException">cmmn/egovError</prop>
                <prop key="org.springframework.security.AccessDeniedException">cmmn/egovError</prop>
            </props>
        </property>
    </bean>

    <bean class="org.springframework.web.servlet.view.UrlBasedViewResolver" p:order="1"
	    p:viewClass="org.springframework.web.servlet.view.JstlView"
	    p:prefix="/WEB-INF/jsp/" p:suffix=".jsp"/>

    <!-- For Pagination Tag -->
    <bean id="imageRenderer" class="teamproject.cmmn.web.EgovImgPaginationRenderer"/>

    <bean id="paginationManager" class="org.egovframe.rte.ptl.mvc.tags.ui.pagination.DefaultPaginationManager">
        <property name="rendererType">
            <map>
                <entry key="image" value-ref="imageRenderer"/>
            </map>
        </property>
    </bean>
	<!-- /For Pagination Tag -->

    <mvc:view-controller path="/cmmn/validator.do" view-name="cmmn/validator"/>
    
    <!-- 여기 -->
   	<!-- TODO: 파일 업로드 설정 : 기본(1M) => 10M 변경  -->
 	<bean id="multipartResolver"
		class="org.springframework.web.multipart.commons.CommonsMultipartResolver">
		<property name="maxUploadSize" value="10000000" />
		<property name="maxInMemorySize" value="10000000" />
	</bean> 
	
	<!-- 스케줄러 기능 사용 -->
	<task:scheduler id="jobScheduler" pool-size="10" />
	<task:annotation-driven scheduler="jobScheduler" />   
</beans>






