<?xml version="1.0" encoding="UTF-8"?>
<!DOCTYPE sqlMap PUBLIC "-//ibatis.apache.org//DTD SQL Map 2.0//EN" "http://ibatis.apache.org/dtd/sql-map-2.dtd">

<sqlMap namespace="Sample">

	<typeAlias  alias="egovMap" type="org.egovframe.rte.psl.dataaccess.util.EgovMap"/>
	<typeAlias  alias="searchVO" type="egovframework.example.sample.service.SampleDefaultVO"/>

	<resultMap id="sample" class="egovframework.example.sample.service.SampleVO">
		<result property="id" column="id"/>
		<result property="name" column="name"/>
		<result property="description" column="description"/>
		<result property="useYn" column="use_yn"/>
		<result property="regUser" column="reg_user"/>
	</resultMap>

	<insert id="sampleDAO.insertSample">
		<![CDATA[
			INSERT INTO SAMPLE 
				( ID
				  , NAME
				  , DESCRIPTION
				  , USE_YN
				  , REG_USER )
			VALUES ( #id#
				  , #name#
				  , #description#
				  , #useYn#
				  , #regUser# )
		]]>
	</insert>
	
	<update id="sampleDAO.updateSample">
		<![CDATA[
			UPDATE SAMPLE
			SET ID=#id#
				, NAME=#name#
				, DESCRIPTION=#description#
				, USE_YN=#useYn#
			WHERE ID=#id#
		]]>
	</update>
	
	<delete id="sampleDAO.deleteSample">
		<![CDATA[
			DELETE FROM SAMPLE 
			WHERE ID=#id#
		]]>
	</delete>
    
    <select id="sampleDAO.selectSample" resultMap="sample">
        <![CDATA[
            SELECT
                ID, NAME, DESCRIPTION, USE_YN, REG_USER
            FROM SAMPLE 
            WHERE ID=#id#
        ]]>
    </select>
	
	<select id="sampleDAO.selectSampleList" parameterClass="searchVO" resultClass="egovMap">

			SELECT
				ID, NAME, DESCRIPTION, USE_YN, REG_USER
			FROM SAMPLE
			WHERE 1=1
			<isEqual prepend="AND" property="searchCondition" compareValue="0">
				ID LIKE '%' || #searchKeyword# || '%'
			</isEqual>
			<isEqual prepend="AND" property="searchCondition" compareValue="1">
				NAME LIKE '%' || #searchKeyword# || '%'
			</isEqual>
			ORDER BY ID DESC
			LIMIT #recordCountPerPage# OFFSET #firstIndex#		
	</select>
	
	<select id="sampleDAO.selectSampleListTotCnt" parameterClass="searchVO" resultClass="int">

			SELECT COUNT(*) totcnt
			FROM SAMPLE
			WHERE 1=1
			<isEqual prepend="AND" property="searchCondition" compareValue="0">
				ID LIKE '%' || #searchKeyword# || '%'
			</isEqual>
			<isEqual prepend="AND" property="searchCondition" compareValue="1">
				NAME LIKE '%' || #searchKeyword# || '%'
			</isEqual>
	</select>

</sqlMap>
